subject_index,pipeline,subject,condition,mean,ci_minus,ci_plus
0,XDAWNCov+TS+LDA,PA1,covert,35.0,10.0,10.0
1,XDAWNCov+TS+LDA,PB1,covert,33.333333333333336,16.666666666666668,20.0
2,XDAWNCov+TS+LDA,PB2,covert,31.666666666666668,13.333333333333336,14.999999999999996
3,XDAWNCov+TS+LDA,PB4,covert,18.333333333333332,6.666666666666666,10.0
4,XDAWNCov+TS+LDA,PC2,covert,18.333333333333332,9.999999999999998,13.333333333333336
5,XDAWNCov+TS+LDA,PC3,covert,10.0,6.666666666666666,6.666666666666668
6,XDAWNCov+TS+LDA,PC4,covert,25.0,8.333333333333332,10.0
