subject_index,pipeline,subject,condition,mean,ci_minus,ci_plus
0,XDAWNCov+TS+LDA,PA1,free,31.666666666666668,11.666666666666668,9.999999999999996
1,XDAWNCov+TS+LDA,PB1,free,58.333333333333336,15.0,13.333333333333336
2,XDAWNCov+TS+LDA,PB2,free,33.333333333333336,8.333333333333336,8.333333333333329
3,XDAWNCov+TS+LDA,PB4,free,58.333333333333336,10.0,9.999999999999993
4,XDAWNCov+TS+LDA,PC2,free,35.0,8.333333333333332,8.333333333333336
5,XDAWNCov+TS+LDA,PC3,free,21.666666666666668,11.666666666666668,13.333333333333332
6,XDAWNCov+TS+LDA,PC4,free,26.666666666666668,6.666666666666668,3.333333333333332
