subject_index,pipeline,subject,condition,mean,ci_minus,ci_plus
0,tLDA,PA1,overt,33.333333333333336,10.000000000000004,8.333333333333329
1,tLDA,PB1,overt,86.66666666666667,10.0,10.0
2,tLDA,PB2,overt,66.66666666666667,11.666666666666671,11.666666666666657
3,tLDA,PB4,overt,56.666666666666664,18.33333333333333,18.333333333333336
4,tLDA,PC2,overt,48.333333333333336,6.666666666666671,10.0
5,tLDA,PC3,overt,28.333333333333332,6.666666666666664,6.666666666666668
6,tLDA,PC4,overt,28.333333333333332,10.0,11.666666666666668
