subject_index,pipeline,subject,condition,mean,ci_minus,ci_plus
0,WCBLE,PA1,free,25.0,5.0,10.0
1,WCBLE,PB1,free,71.66666666666667,8.333333333333336,8.333333333333329
2,WCBLE,PB2,free,50.0,11.666666666666664,11.666666666666664
3,WCBLE,PB4,free,68.33333333333333,16.666666666666664,11.666666666666671
4,WCBLE,PC2,free,28.333333333333332,6.666666666666664,8.333333333333332
5,WCBLE,PC3,free,21.666666666666668,15.0,14.999999999999996
6,WCBLE,PC4,free,13.333333333333334,8.333333333333334,8.333333333333334
