subject_index,pipeline,subject,condition,mean,ci_minus,ci_plus
0,XDAWNCov+TS+LDA,PA1,overt,35.0,11.666666666666668,15.0
1,XDAWNCov+TS+LDA,PB1,overt,70.0,10.0,10.0
2,XDAWNCov+TS+LDA,PB2,overt,43.333333333333336,11.666666666666668,11.666666666666664
3,XDAWNCov+TS+LDA,PB4,overt,51.666666666666664,11.666666666666664,13.333333333333336
4,XDAWNCov+TS+LDA,PC2,overt,43.333333333333336,11.666666666666668,11.666666666666664
5,XDAWNCov+TS+LDA,PC3,overt,26.666666666666668,8.333333333333336,6.666666666666668
6,XDAWNCov+TS+LDA,PC4,overt,21.666666666666668,10.000000000000002,10.0
