subject_index,pipeline,subject,condition,mean,ci_minus,ci_plus
0,tLDA,PA1,free,40.0,10.0,10.0
1,tLDA,PB1,free,81.66666666666667,5.0,5.0
2,tLDA,PB2,free,55.0,11.666666666666664,11.666666666666671
3,tLDA,PB4,free,56.666666666666664,13.333333333333329,13.333333333333336
4,tLDA,PC2,free,31.666666666666668,5.0,4.9999999999999964
5,tLDA,PC3,free,21.666666666666668,5.0,5.0
6,tLDA,PC4,free,15.0,6.666666666666666,5.0
