subject_index,pipeline,subject,condition,mean,ci_minus,ci_plus
0,WCBLE,PA1,covert,21.666666666666668,5.0,5.0
1,WCBLE,PB1,covert,35.0,15.0,15.0
2,WCBLE,PB2,covert,35.0,18.333333333333332,21.666666666666664
3,WCBLE,PB4,covert,10.0,5.0,5.0
4,WCBLE,PC2,covert,23.333333333333332,9.999999999999998,8.333333333333336
5,WCBLE,PC3,covert,15.0,6.666666666666666,5.0
6,WCBLE,PC4,covert,30.0,5.0,5.0
